[
  {
    "value": "Radiologist",
    "synonyms": [
      "Radiologist",
      "X-ray"
    ]
  },
  {
    "value": "Cardiologist",
    "synonyms": [
      "Cardiologist",
      "Heart",
      "Cardiovascular",
      "Cardio",
      "Heart Specialist"
    ]
  },
  {
    "value": "Dentist",
    "synonyms": [
      "Dentist",
      "Teeth",
      "Tooth"
    ]
  },
  {
    "value": "Ophthalmologists",
    "synonyms": [
      "Pphthalmologists",
      "Eye",
      "Eyesight"
    ]
  },
  {
    "value": "Gynaecologists",
    "synonyms": [
      "Gynaecologists",
      "Gynae"
    ]
  },
  {
    "value": "Dermatologist",
    "synonyms": [
      "Derma",
      "Skin"
    ]
  },
  {
    "value": "ENT",
    "synonyms": [
      "ENT",
      "Ears",
      "Nose",
      "Throat"
    ]
  },
  {
    "value": "Pediatrician",
    "synonyms": [
      "Pediatrician",
      "Children",
      "Child"
    ]
  },
  {
    "value": "Physician",
    "synonyms": [
      "Physician",
      "General"
    ]
  },
  {
    "value": "Orthopaedic",
    "synonyms": [
      "Orthopaedic",
      "Foot",
      "Feet"
    ]
  }
]