[
  {
    "value": "Ron Goyal",
    "synonyms": [
      "Ron Goyal"
    ]
  },
  {
    "value": "Tony Stark",
    "synonyms": [
      "Tony Stark"
    ]
  },
  {
    "value": "Angelina Jolie",
    "synonyms": [
      "Angelina Jolie"
    ]
  },
  {
    "value": "Lexi Luna",
    "synonyms": [
      "Lexi Luna"
    ]
  },
  {
    "value": "Toby Mac",
    "synonyms": [
      "Toby Mac"
    ]
  },
  {
    "value": "Paritosh Singh",
    "synonyms": [
      "Paritosh Singh"
    ]
  },
  {
    "value": "Caroline Barriere",
    "synonyms": [
      "Caroline Barriere"
    ]
  },
  {
    "value": "James Cameroon",
    "synonyms": [
      "James Cameroon"
    ]
  },
  {
    "value": "Robert Frost",
    "synonyms": [
      "Robert Frost"
    ]
  },
  {
    "value": "Brad Pitt",
    "synonyms": [
      "Brad Pitt"
    ]
  },
  {
    "value": "Mary Green",
    "synonyms": [
      "Mary Green"
    ]
  },
  {
    "value": "Taylor Swift",
    "synonyms": [
      "Taylor Swift"
    ]
  }
]