[
  {
    "value": "Radiologist",
    "synonyms": [
      "Radiologist",
      "X-ray"
    ]
  },
  {
    "value": "Cardiologist",
    "synonyms": [
      "Cardiologist",
      "Heart"
    ]
  },
  {
    "value": "Dentist",
    "synonyms": [
      "Dentist",
      "Teeth",
      "Tooth"
    ]
  },
  {
    "value": "Ophthalmologists",
    "synonyms": [
      "Pphthalmologists",
      "Eye"
    ]
  },
  {
    "value": "Gynaecologists",
    "synonyms": [
      "Gynaecologists"
    ]
  },
  {
    "value": "Dermatologist",
    "synonyms": [
      "Derma",
      "Skin"
    ]
  },
  {
    "value": "ENT",
    "synonyms": [
      "ENT",
      "Ears",
      "Nose",
      "Throat"
    ]
  },
  {
    "value": "Pediatrician",
    "synonyms": [
      "Pediatrician",
      "Children"
    ]
  },
  {
    "value": "Physician",
    "synonyms": [
      "Physician",
      "General"
    ]
  },
  {
    "value": "Orthopaedic",
    "synonyms": [
      "Orthopaedic",
      "Foot",
      "Feet"
    ]
  }
]