[
  {
    "value": "Chris Paul",
    "synonyms": [
      "Chris Paul"
    ]
  },
  {
    "value": "Steven Philip",
    "synonyms": [
      "Steven Philip"
    ]
  },
  {
    "value": "Michael Scott",
    "synonyms": [
      "Michael Scott"
    ]
  },
  {
    "value": "Jordan Kent",
    "synonyms": [
      "Jordan Kent"
    ]
  },
  {
    "value": "Tony Parker",
    "synonyms": [
      "Tony Parker"
    ]
  },
  {
    "value": "Eric Kent",
    "synonyms": [
      "Eric Kent"
    ]
  },
  {
    "value": "Angelina Johns",
    "synonyms": [
      "Angelina Johns"
    ]
  },
  {
    "value": "Jenny Stevens",
    "synonyms": [
      "Jenny Stevens"
    ]
  },
  {
    "value": "Toby Mac",
    "synonyms": [
      "Toby Mac"
    ]
  }
]