[
  {
    "value": "pharmacies",
    "synonyms": [
      "pharmacy",
      "pharmacies",
      "drug store"
    ]
  },
  {
    "value": "hospitals",
    "synonyms": [
      "hospital",
      "hospitals",
      "clinic",
      "health center"
    ]
  },
  {
    "value": "nursing homes",
    "synonyms": [
      "nursing home",
      "old age home"
    ]
  },
  {
    "value": "dental clinics",
    "synonyms": [
      "dental clinic",
      "dental office",
      "dentist office"
    ]
  },
  {
    "value": "physiotherapy gyms",
    "synonyms": [
      "physiotherapy gyms",
      "physiotherapist",
      "physiotherapy clinics"
    ]
  }
]