[
  {
    "id": "bf57d6f0-943c-41e6-aaf6-38e3a0439fcc",
    "data": [
      {
        "text": "doctor ",
        "userDefined": false
      },
      {
        "text": "Chris Paul",
        "meta": "@doctor",
        "alias": "doctor",
        "userDefined": true
      },
      {
        "text": " at ",
        "userDefined": false
      },
      {
        "text": "8:30",
        "meta": "@sys.time",
        "alias": "time",
        "userDefined": true
      },
      {
        "text": " on the ",
        "userDefined": false
      },
      {
        "text": "24th of June",
        "meta": "@sys.date",
        "alias": "date",
        "userDefined": true
      }
    ],
    "isTemplate": false,
    "count": 0,
    "lang": "en",
    "updated": 0
  },
  {
    "id": "c4bb5d51-2f97-4e29-b18b-ce4db690855a",
    "data": [
      {
        "text": "Can I please see ",
        "userDefined": false
      },
      {
        "text": "Steven Philip",
        "meta": "@doctor",
        "alias": "doctor",
        "userDefined": true
      },
      {
        "text": " ",
        "userDefined": false
      },
      {
        "text": "tomorrow",
        "meta": "@sys.date",
        "alias": "date",
        "userDefined": true
      },
      {
        "text": " at ",
        "userDefined": false
      },
      {
        "text": "7 PM",
        "meta": "@sys.time",
        "alias": "time",
        "userDefined": true
      }
    ],
    "isTemplate": false,
    "count": 0,
    "lang": "en",
    "updated": 0
  },
  {
    "id": "fb71522f-2a33-4b45-a823-44002c7a68ca",
    "data": [
      {
        "text": "I want to see ",
        "userDefined": false
      },
      {
        "text": "Michael Scott",
        "meta": "@doctor",
        "alias": "doctor",
        "userDefined": true
      }
    ],
    "isTemplate": false,
    "count": 0,
    "lang": "en",
    "updated": 0
  },
  {
    "id": "7bed08c2-3d99-4bd6-a417-f3f46d3408ec",
    "data": [
      {
        "text": "Can I see doctor ",
        "userDefined": false
      },
      {
        "text": "Tony Parker",
        "meta": "@doctor",
        "alias": "doctor",
        "userDefined": true
      }
    ],
    "isTemplate": false,
    "count": 0,
    "lang": "en",
    "updated": 0
  },
  {
    "id": "2e4615a7-ec30-46e7-8847-a5244636c9cd",
    "data": [
      {
        "text": "I would like to see doctor ",
        "userDefined": false
      },
      {
        "text": "Angelina Johns",
        "meta": "@doctor",
        "alias": "doctor",
        "userDefined": true
      },
      {
        "text": " please",
        "userDefined": false
      }
    ],
    "isTemplate": false,
    "count": 0,
    "lang": "en",
    "updated": 0
  }
]