[
  {
    "id": "a9481284-c2e9-4908-8689-8f1b2fe6ca33",
    "data": [
      {
        "text": "I want to see my appointments",
        "userDefined": false
      }
    ],
    "isTemplate": false,
    "count": 0,
    "lang": "en",
    "updated": 0
  },
  {
    "id": "2cce3314-f191-4043-9fad-3b224f0cc183",
    "data": [
      {
        "text": "List all my appointments",
        "userDefined": false
      }
    ],
    "isTemplate": false,
    "count": 0,
    "lang": "en",
    "updated": 0
  },
  {
    "id": "26fa5aaa-ad4b-447c-b436-30d2449a3637",
    "data": [
      {
        "text": "Show me my appointments",
        "userDefined": false
      }
    ],
    "isTemplate": false,
    "count": 0,
    "lang": "en",
    "updated": 0
  }
]