[
  {
    "id": "bbd66037-1644-4d7c-960e-a5b14cfae86d",
    "data": [
      {
        "text": "Kobe",
        "meta": "@sys.given-name",
        "alias": "name",
        "userDefined": true
      }
    ],
    "isTemplate": false,
    "count": 0,
    "lang": "en",
    "updated": 0
  },
  {
    "id": "8aa17d83-63b7-476e-b066-2f86cc94f9c2",
    "data": [
      {
        "text": "Paul ",
        "userDefined": false
      },
      {
        "text": "Thompson",
        "meta": "@sys.given-name",
        "alias": "name",
        "userDefined": true
      }
    ],
    "isTemplate": false,
    "count": 0,
    "lang": "en",
    "updated": 0
  },
  {
    "id": "ba9a9361-486d-4160-8974-f3127a1e2f24",
    "data": [
      {
        "text": "My name is ",
        "userDefined": false
      },
      {
        "text": "Nihal Antony",
        "meta": "@sys.given-name",
        "alias": "name",
        "userDefined": true
      }
    ],
    "isTemplate": false,
    "count": 0,
    "lang": "en",
    "updated": 0
  }
]