[
  {
    "id": "b7e24f80-4a60-49f1-9bb7-696aebc43bc9",
    "data": [
      {
        "text": "dentist",
        "meta": "@AppointmentType",
        "alias": "AppointmentType",
        "userDefined": true
      }
    ],
    "isTemplate": false,
    "count": 0,
    "lang": "en",
    "updated": 0
  },
  {
    "id": "d6355e3a-9b04-4e39-8b0f-9b92d998eb20",
    "data": [
      {
        "text": "I need to see an ",
        "userDefined": false
      },
      {
        "text": "eye",
        "meta": "@AppointmentType",
        "alias": "AppointmentType",
        "userDefined": true
      },
      {
        "text": " doctor",
        "userDefined": false
      }
    ],
    "isTemplate": false,
    "count": 0,
    "lang": "en",
    "updated": 0
  },
  {
    "id": "e183a7f8-5164-43f4-9ae0-35d0d0c78c65",
    "data": [
      {
        "text": "A ",
        "userDefined": false
      },
      {
        "text": "heart",
        "meta": "@AppointmentType",
        "alias": "AppointmentType",
        "userDefined": true
      },
      {
        "text": " doctor",
        "userDefined": false
      }
    ],
    "isTemplate": false,
    "count": 0,
    "lang": "en",
    "updated": 0
  },
  {
    "id": "93edd1e1-bd12-4c29-888a-688d88d7d30f",
    "data": [
      {
        "text": "Can I see a ",
        "userDefined": false
      },
      {
        "text": "cardiologist",
        "meta": "@AppointmentType",
        "alias": "AppointmentType",
        "userDefined": true
      }
    ],
    "isTemplate": false,
    "count": 0,
    "lang": "en",
    "updated": 0
  },
  {
    "id": "4f9e14a1-7862-4a96-a170-bd69ec539705",
    "data": [
      {
        "text": "I would like to see a ",
        "userDefined": false
      },
      {
        "text": "Radiologist",
        "meta": "@AppointmentType",
        "alias": "AppointmentType",
        "userDefined": true
      }
    ],
    "isTemplate": false,
    "count": 0,
    "lang": "en",
    "updated": 0
  }
]