[
  {
    "id": "fbf8c324-63b7-4934-a6cb-9a6572d4d95c",
    "data": [
      {
        "text": "I want to cancel my appointment",
        "userDefined": false
      }
    ],
    "isTemplate": false,
    "count": 0,
    "lang": "en",
    "updated": 0
  },
  {
    "id": "c950038e-fe10-4d04-8b62-9284f2aaaca5",
    "data": [
      {
        "text": "Can you delete my appointment?",
        "userDefined": false
      }
    ],
    "isTemplate": false,
    "count": 0,
    "lang": "en",
    "updated": 0
  },
  {
    "id": "a57847f5-faa9-47d2-8e7d-b357ecd2b284",
    "data": [
      {
        "text": "Can I cancel my appointment?",
        "userDefined": false
      }
    ],
    "isTemplate": false,
    "count": 0,
    "lang": "en",
    "updated": 0
  },
  {
    "id": "78f2a937-c10f-4ad5-a15c-941710f12bf4",
    "data": [
      {
        "text": "I would like to cancel an appointment",
        "userDefined": false
      }
    ],
    "isTemplate": false,
    "count": 0,
    "lang": "en",
    "updated": 0
  }
]