[
  {
    "id": "67e7e582-9078-4100-9d7e-7aed8cf560cf",
    "data": [
      {
        "text": "I would like to book an appointment",
        "userDefined": false
      }
    ],
    "isTemplate": false,
    "count": 0,
    "lang": "en",
    "updated": 0
  },
  {
    "id": "cbf1a1d2-eebe-4ae3-9c12-7e30519f60e8",
    "data": [
      {
        "text": "Book an appointment",
        "userDefined": false
      }
    ],
    "isTemplate": false,
    "count": 0,
    "lang": "en",
    "updated": 0
  },
  {
    "id": "d6b6cca4-e408-42ab-86e7-7e086cd73bf9",
    "data": [
      {
        "text": "Can I get an appointment",
        "userDefined": false
      }
    ],
    "isTemplate": false,
    "count": 0,
    "lang": "en",
    "updated": 0
  },
  {
    "id": "568911d0-1eec-4bf0-a5ba-d283899e8663",
    "data": [
      {
        "text": "I want to see a doctor",
        "userDefined": false
      }
    ],
    "isTemplate": false,
    "count": 0,
    "lang": "en",
    "updated": 0
  },
  {
    "id": "15a7648a-f5f2-4d13-8eb7-87cc73e8639c",
    "data": [
      {
        "text": "I need to see a doctor",
        "userDefined": false
      }
    ],
    "isTemplate": false,
    "count": 0,
    "lang": "en",
    "updated": 0
  },
  {
    "id": "7dfe564d-478f-4bfe-be69-3d74fe10c8f6",
    "data": [
      {
        "text": "I would like to book a consultation",
        "userDefined": false
      }
    ],
    "isTemplate": false,
    "count": 0,
    "lang": "en",
    "updated": 0
  }
]