[
  {
    "id": "82bef8d4-f311-4cf8-a68f-f98b0892260e",
    "data": [
      {
        "text": "Where is the closest ",
        "userDefined": false
      },
      {
        "text": "dental clinic",
        "meta": "@nearby",
        "alias": "nearby",
        "userDefined": false
      },
      {
        "text": "?",
        "userDefined": false
      }
    ],
    "isTemplate": false,
    "count": 0,
    "lang": "en",
    "updated": 0
  },
  {
    "id": "ff1ed5c2-0464-4a18-b041-ce265dc30c93",
    "data": [
      {
        "text": "Are there any ",
        "userDefined": false
      },
      {
        "text": "physiotherapist",
        "meta": "@nearby",
        "alias": "nearby",
        "userDefined": false
      },
      {
        "text": " close by?",
        "userDefined": false
      }
    ],
    "isTemplate": false,
    "count": 0,
    "lang": "en",
    "updated": 0
  },
  {
    "id": "0ae4156b-1235-49b8-a361-c320b39a22bc",
    "data": [
      {
        "text": "Where is the nearest ",
        "userDefined": false
      },
      {
        "text": "old age home",
        "meta": "@nearby",
        "alias": "nearby",
        "userDefined": false
      },
      {
        "text": "?",
        "userDefined": false
      }
    ],
    "isTemplate": false,
    "count": 0,
    "lang": "en",
    "updated": 0
  },
  {
    "id": "93dac144-8e16-4cad-aa10-ee30b8b2e572",
    "data": [
      {
        "text": "Show me ",
        "userDefined": false
      },
      {
        "text": "hospitals",
        "meta": "@nearby",
        "alias": "nearby",
        "userDefined": false
      },
      {
        "text": " close by",
        "userDefined": false
      }
    ],
    "isTemplate": false,
    "count": 0,
    "lang": "en",
    "updated": 0
  },
  {
    "id": "5dffde1c-522f-448f-bc40-e222a9e78206",
    "data": [
      {
        "text": "Can you help me find near by ",
        "userDefined": false
      },
      {
        "text": "pharmacies",
        "meta": "@nearby",
        "alias": "nearby",
        "userDefined": false
      },
      {
        "text": "?",
        "userDefined": false
      }
    ],
    "isTemplate": false,
    "count": 0,
    "lang": "en",
    "updated": 0
  }
]