[
  {
    "id": "29fc3e10-667b-4a5f-b3d3-430035a88b67",
    "data": [
      {
        "text": "Change the time to ",
        "userDefined": false
      },
      {
        "text": "11AM",
        "meta": "@sys.time",
        "alias": "time",
        "userDefined": true
      }
    ],
    "isTemplate": false,
    "count": 0,
    "lang": "en",
    "updated": 0
  },
  {
    "id": "9d5be2d3-6ab2-4b32-8ea1-5695d799ce3a",
    "data": [
      {
        "text": "Can we make it ",
        "userDefined": false
      },
      {
        "text": "4 oclock",
        "meta": "@sys.time",
        "alias": "time",
        "userDefined": true
      },
      {
        "text": " instead",
        "userDefined": false
      }
    ],
    "isTemplate": false,
    "count": 0,
    "lang": "en",
    "updated": 0
  },
  {
    "id": "2bcaee89-ea1b-41a3-94d6-68ae2c0fa0c1",
    "data": [
      {
        "text": "Can we change it to next ",
        "userDefined": false
      },
      {
        "text": "Thursday",
        "meta": "@sys.date",
        "alias": "date",
        "userDefined": true
      },
      {
        "text": " at ",
        "userDefined": false
      },
      {
        "text": "5PM",
        "meta": "@sys.time",
        "alias": "time",
        "userDefined": true
      }
    ],
    "isTemplate": false,
    "count": 0,
    "lang": "en",
    "updated": 0
  },
  {
    "id": "e2530dac-e5b8-4795-8630-d9ef40176ef9",
    "data": [
      {
        "text": "Actually, make the date ",
        "userDefined": false
      },
      {
        "text": "24th September",
        "meta": "@sys.date",
        "alias": "date",
        "userDefined": true
      },
      {
        "text": " at ",
        "userDefined": false
      },
      {
        "text": "11AM",
        "meta": "@sys.time",
        "alias": "time",
        "userDefined": true
      }
    ],
    "isTemplate": false,
    "count": 0,
    "lang": "en",
    "updated": 0
  },
  {
    "id": "b80d85c5-5a03-4930-86a9-629512e72e12",
    "data": [
      {
        "text": "Change the date to ",
        "userDefined": false
      },
      {
        "text": "3rd may",
        "meta": "@sys.date",
        "alias": "date",
        "userDefined": true
      }
    ],
    "isTemplate": false,
    "count": 0,
    "lang": "en",
    "updated": 0
  },
  {
    "id": "7d81b263-1a0e-46e7-9034-bd11e5396968",
    "data": [
      {
        "text": "I\u0027d like to change the date to ",
        "userDefined": false
      },
      {
        "text": "Sunday",
        "meta": "@sys.date",
        "alias": "date",
        "userDefined": false
      }
    ],
    "isTemplate": false,
    "count": 0,
    "lang": "en",
    "updated": 0
  },
  {
    "id": "108dc2e2-674c-45ee-87b2-378c2adf0f61",
    "data": [
      {
        "text": "Can I change the date?",
        "userDefined": false
      }
    ],
    "isTemplate": false,
    "count": 0,
    "lang": "en",
    "updated": 0
  }
]