[
  {
    "id": "69bbeffc-0305-4233-83c9-6ce9829b936f",
    "data": [
      {
        "text": "All good",
        "userDefined": false
      }
    ],
    "isTemplate": false,
    "count": 0,
    "lang": "en",
    "updated": 0
  },
  {
    "id": "07376755-d2f5-4946-8224-b8364357766e",
    "data": [
      {
        "text": "Perfect",
        "userDefined": false
      }
    ],
    "isTemplate": false,
    "count": 0,
    "lang": "en",
    "updated": 0
  },
  {
    "id": "f3b8a868-656b-4e46-b811-a43c2683eecc",
    "data": [
      {
        "text": "Cool",
        "userDefined": false
      }
    ],
    "isTemplate": false,
    "count": 0,
    "lang": "en",
    "updated": 0
  },
  {
    "id": "8ae9136d-2f36-44da-8c8f-9c6ebd269d17",
    "data": [
      {
        "text": "Correct",
        "userDefined": false
      }
    ],
    "isTemplate": false,
    "count": 0,
    "lang": "en",
    "updated": 0
  },
  {
    "id": "a8363e93-baf3-43f4-b145-ffffd2527274",
    "data": [
      {
        "text": "That\u0027s right",
        "userDefined": false
      }
    ],
    "isTemplate": false,
    "count": 0,
    "lang": "en",
    "updated": 0
  },
  {
    "id": "dee8e503-7abb-4ee2-a4b3-41a30bc48023",
    "data": [
      {
        "text": "Yup",
        "userDefined": false
      }
    ],
    "isTemplate": false,
    "count": 0,
    "lang": "en",
    "updated": 0
  },
  {
    "id": "8380c582-63fb-4735-94f6-39b9b714dcb0",
    "data": [
      {
        "text": "Yes",
        "userDefined": false
      }
    ],
    "isTemplate": false,
    "count": 0,
    "lang": "en",
    "updated": 0
  }
]