[
  {
    "id": "d0a966a4-9b5f-40b2-9655-75b48509e190",
    "data": [
      {
        "text": "That\u0027s not right",
        "userDefined": false
      }
    ],
    "isTemplate": false,
    "count": 0,
    "lang": "en",
    "updated": 0
  },
  {
    "id": "450bfebf-6dcb-42ac-867d-c3317880df74",
    "data": [
      {
        "text": "No actually",
        "userDefined": false
      }
    ],
    "isTemplate": false,
    "count": 0,
    "lang": "en",
    "updated": 0
  },
  {
    "id": "e91dc784-22d4-4210-b2df-24ec56464e85",
    "data": [
      {
        "text": "Nope",
        "userDefined": false
      }
    ],
    "isTemplate": false,
    "count": 0,
    "lang": "en",
    "updated": 0
  },
  {
    "id": "d17bdcbd-3cc2-482e-829f-2f364fb23e61",
    "data": [
      {
        "text": "No",
        "userDefined": false
      }
    ],
    "isTemplate": false,
    "count": 0,
    "lang": "en",
    "updated": 0
  }
]